id,name,type,typecode,biztype,address,gcj02_x,gcj02_y,wgs84_x,wgs84_y,tel,pname,cityname,adname,大类,中类,小类
BZ7LPE017C,凤岗收费站(G0422武深高速出口),道路附属设施;收费站;收费站,180200,[],东莞市,114.185125,22.679219,114.18017727012452,22.681994449605085,[],广东省,东莞市,东莞市,道路附属设施,收费站,收费站
B0FFGQ8SNK,官井头收费站(G0422武深高速出口),道路附属设施;收费站;收费站,180200,[],东莞市,114.2099,22.735492,114.2050085298262,22.73829281204646,[],广东省,东莞市,东莞市,道路附属设施,收费站,收费站
B0FFGQ5YL1,凤岗收费站(G0422武深高速入口),道路附属设施;收费站;收费站,180200,[],东莞市,114.185022,22.679085,114.18007400680968,22.68186029301771,[],广东省,东莞市,东莞市,道路附属设施,收费站,收费站
B0FFGQ9NZT,官井头收费站(G0422武深高速入口),道路附属设施;收费站;收费站,180200,[],东莞市,114.209902,22.735784,114.20501051537684,22.738584728748005,[],广东省,东莞市,东莞市,道路附属设施,收费站,收费站
BZ7MPD013O,平山收费站(S86深圳外环高速入口),道路附属设施;收费站;收费站,180200,[],东莞市,114.078835,22.753208,114.07369263592504,22.755856193149253,[],广东省,东莞市,东莞市,道路附属设施,收费站,收费站
B0FFGQ8DGJ,石碣收费站(G94珠三角环线高速入口增城方向),道路附属设施;收费站;收费站,180200,[],东莞市,113.795175,23.116498,113.79004094199844,23.11921588525212,[],广东省,东莞市,东莞市,道路附属设施,收费站,收费站
B0FFGQ8D79,石碣收费站(G94珠三角环线高速出口观澜方向),道路附属设施;收费站;收费站,180200,[],东莞市,113.794383,23.116493,113.78924717517364,23.11920971645813,[],广东省,东莞市,东莞市,道路附属设施,收费站,收费站
BZ7QPB01TX,石碣收费站(G94珠三角环线高速出口增城方向),道路附属设施;收费站;收费站,180200,[],东莞市,113.793457,23.112495,113.7883193950156,23.11521200348958,[],广东省,东莞市,东莞市,道路附属设施,收费站,收费站
BZ7QPB01QS,石碣收费站(G94珠三角环线高速入口南向),道路附属设施;收费站;收费站,180200,[],东莞市,113.793233,23.111744,113.78809495363352,23.11446098834816,[],广东省,东莞市,东莞市,道路附属设施,收费站,收费站
B0FFKK5OER,滨江中路,道路附属设施;警示信息;违章停车,180104,[],东莞市,113.802081,23.088387,113.79696487269511,23.091127330650885,[],广东省,东莞市,东莞市,道路附属设施,警示信息,违章停车
BZ7OPB00YP,大岭山西收费站(S6广龙高速入口),道路附属设施;收费站;收费站,180200,[],东莞市,113.797049,22.921936,113.79193200432071,22.924739610582947,[],广东省,东莞市,东莞市,道路附属设施,收费站,收费站
BZ7OPB00YO,大岭山西收费站(S6广龙高速出口),道路附属设施;收费站;收费站,180200,[],东莞市,113.797488,22.92218,113.79237199475364,22.92498418275775,[],广东省,东莞市,东莞市,道路附属设施,收费站,收费站
B0FFG6JZFC,大岭山服务区(莞佛高速佛山方向),道路附属设施;服务区;高速服务区,180300,[],东莞市,113.821754,22.864481,113.81670310642856,22.86735100759833,[],广东省,东莞市,东莞市,道路附属设施,服务区,高速服务区
B0FFF5VVR9,大岭山服务区(莞佛高速东莞方向),道路附属设施;服务区;高速服务区,180300,[],东莞市,113.821612,22.863189,113.81656080971057,22.86605924856282,[],广东省,东莞市,东莞市,道路附属设施,服务区,高速服务区
B0FFGQ87HL,常虎中心收费站(G9411莞佛高速入口),道路附属设施;收费站;收费站,180200,[],东莞市,113.820384,22.86283,113.8153295458886,22.86569808752697,[],广东省,东莞市,东莞市,道路附属设施,收费站,收费站
B0FFGQ8CEM,常虎中心收费站(G9411莞佛高速出口),道路附属设施;收费站;收费站,180200,[],东莞市,113.820323,22.862818,113.81526838365664,22.865685978114264,[],广东省,东莞市,东莞市,道路附属设施,收费站,收费站
BZ7NPB00N1,常虎中心收费站(G9411莞佛高速入口),道路附属设施;收费站;收费站,180200,[],东莞市,113.823193,22.862801,113.81814608081034,22.865674375599152,[],广东省,东莞市,东莞市,道路附属设施,收费站,收费站
BZ7NPB00M9,常虎中心收费站(G9411莞佛高速入口),道路附属设施;收费站;收费站,180200,[],东莞市,113.823179,22.862839,113.81813204068258,22.86571233430001,[],广东省,东莞市,东莞市,道路附属设施,收费站,收费站
B0FFITZI97,常虎中心收费站(G9411莞佛高速入口),道路附属设施;收费站;收费站,180200,[],东莞市,113.823184,22.862826,113.81813705497666,22.86569934882549,[],广东省,东莞市,东莞市,道路附属设施,收费站,收费站
BZ7NPB00NF,大岭山收费站(G9411莞佛高速出口),道路附属设施;收费站;收费站,180200,[],东莞市,113.845589,22.866138,113.84060175622268,22.86905177584284,[],广东省,东莞市,东莞市,道路附属设施,收费站,收费站
B0FFFSSTND,大岭山收费站(G9411莞佛高速出口),道路附属设施;收费站;收费站,180200,[],东莞市,113.845765,22.865058,113.840778281128,22.86797251333807,[],广东省,东莞市,东莞市,道路附属设施,收费站,收费站
BZ7NPA00WY,厚街东收费站(S6广龙高速出口),道路附属设施;收费站;收费站,180200,[],东莞市,113.740562,22.889221,113.73537293381554,22.892001113645406,[],广东省,东莞市,东莞市,道路附属设施,收费站,收费站
BZ7NPA00XX,厚街东收费站(S6广龙高速入口),道路附属设施;收费站;收费站,180200,[],东莞市,113.740593,22.889388,113.73540392855205,22.89216803461959,[],广东省,东莞市,东莞市,道路附属设施,收费站,收费站
BZ7NPB00Q6,松山湖南收费站(S31龙大高速入口),道路附属设施;收费站;收费站,180200,[],东莞市,113.857836,22.858636,113.85287961766764,22.861573187137388,[],广东省,东莞市,东莞市,道路附属设施,收费站,收费站
BZ7NPB00QN,松山湖南收费站(S31龙大高速出口),道路附属设施;收费站;收费站,180200,[],东莞市,113.859634,22.859099,113.85468178017624,22.862038755956466,[],广东省,东莞市,东莞市,道路附属设施,收费站,收费站
B0FFGQ5WKE,收费站(G9411莞佛高速出口),道路附属设施;收费站;收费站,180200,[],东莞市,113.765874,22.83273,113.76070673181091,22.83553506482361,[],广东省,东莞市,东莞市,道路附属设施,收费站,收费站
B0FFGQ71H9,收费站(环莞快速路出口),道路附属设施;收费站;收费站,180200,[],东莞市,113.765873,22.832676,113.76070573412616,22.83548108443069,[],广东省,东莞市,东莞市,道路附属设施,收费站,收费站
B0FFH4NFIS,管理中心收费站(G94珠三角环线高速入口),道路附属设施;收费站;收费站,180200,[],东莞市,113.843021,22.972366,113.83802018615468,22.975230987262684,[],广东省,东莞市,东莞市,道路附属设施,收费站,收费站
B0FFH0T2AM,石大路收费站(G94珠三角环线高速出口),道路附属设施;收费站;收费站,180200,[],东莞市,113.876544,22.951057,113.87162073985378,22.953980475805423,[],广东省,东莞市,东莞市,道路附属设施,收费站,收费站
B0FFH6KC6X,石大路收费站(G94珠三角环线高速入口),道路附属设施;收费站;收费站,180200,[],东莞市,113.876358,22.95089,113.87143441823888,22.95381335865648,[],广东省,东莞市,东莞市,道路附属设施,收费站,收费站
B0FFGQ7P5Y,管理中心收费站(G94珠三角环线高速出口),道路附属设施;收费站;收费站,180200,[],东莞市,113.843045,22.972293,113.83804425383272,22.975158062047395,[],广东省,东莞市,东莞市,道路附属设施,收费站,收费站
BZ7MPB01S6,长安收费站(G4京港澳高速出口滨海湾新区方向),道路附属设施;收费站;收费站,180200,[],东莞市,113.793276,22.802474,113.78815838859408,22.805318569392583,[],广东省,东莞市,东莞市,道路附属设施,收费站,收费站
B0FFGQ86KS,长安收费站(G4京港澳高速入口西北向),道路附属设施;收费站;收费站,180200,[],东莞市,113.791063,22.803023,113.78594058441776,22.80586424593128,[],广东省,东莞市,东莞市,道路附属设施,收费站,收费站
B0FFGQ6418,长安收费站,道路附属设施;收费站;收费站,180200,[],东莞市,113.788819,22.801806,113.7836919737544,22.804644630970845,[],广东省,东莞市,东莞市,道路附属设施,收费站,收费站
BZ7NPE008G,清溪湖收费站(S22惠塘高速出口),道路附属设施;收费站;收费站,180200,[],东莞市,114.17842,22.855804,114.17344293925603,22.85851049545578,[],广东省,东莞市,东莞市,道路附属设施,收费站,收费站
BZ7NPE007Z,清溪湖收费站(S22惠塘高速入口),道路附属设施;收费站;收费站,180200,[],东莞市,114.17854,22.856088,114.17356324514812,22.858794610333693,[],广东省,东莞市,东莞市,道路附属设施,收费站,收费站
B0FFGQ5HTR,谢岗收费站(G1523甬莞高速出口),道路附属设施;收费站;收费站,180200,[],东莞市,114.180224,22.950306,114.17524566945303,22.952977070767616,[],广东省,东莞市,东莞市,道路附属设施,收费站,收费站
B0FFH0KU7V,谢岗收费站(G1523甬莞高速入口),道路附属设施;收费站;收费站,180200,[],东莞市,114.180045,22.950277,114.1750661893223,22.95294774882902,[],广东省,东莞市,东莞市,道路附属设施,收费站,收费站
B03018KSUC,谢岗服务区(武深高速深圳方向),道路附属设施;服务区;高速服务区,180300,[],东莞市,114.2138,22.983989,114.20890060314284,22.986700060173053,[],广东省,东莞市,东莞市,道路附属设施,服务区,高速服务区
B03018KSUD,谢岗服务区(武深高速武汉方向),道路附属设施;服务区;高速服务区,180300,[],东莞市,114.214269,22.985422,114.20937044734346,22.98813302543228,[],广东省,东莞市,东莞市,道路附属设施,服务区,高速服务区
B0FFGQ5CCC,莞龙路收费站(G94珠三角环线高速出口),道路附属设施;收费站;收费站,180200,[],东莞市,113.807225,23.075765,113.80212236014972,23.0785193022902,[],广东省,东莞市,东莞市,道路附属设施,收费站,收费站
B0FFGQ59SK,莞龙路收费站(环城东路出口),道路附属设施;收费站;收费站,180200,[],东莞市,113.80707,23.075843,113.80196696625858,23.07859700190907,[],广东省,东莞市,东莞市,道路附属设施,收费站,收费站
B0FFKFVJZY,谈东民生活服务区,道路附属设施;道路附属设施;道路附属设施,180000,[],塘边禾塘路东南侧,113.848091,23.056191,113.84309786840608,23.05902881543004,[],广东省,东莞市,东莞市,道路附属设施,道路附属设施,道路附属设施
B0FFGQ5RE4,东莞收费站(G94珠三角环线高速入口广州方向),道路附属设施;收费站;收费站,180200,[],东莞市,113.816594,23.033768,113.8115183060012,23.0365570303338,[],广东省,东莞市,东莞市,道路附属设施,收费站,收费站
B0FFGQAWS7,东莞收费站(G94珠三角环线高速出口观澜方向),道路附属设施;收费站;收费站,180200,[],东莞市,113.816222,23.03378,113.81114532312094,23.036568340398407,[],广东省,东莞市,东莞市,道路附属设施,收费站,收费站
BZ7MPB01VQ,长安收费站(G4京港澳高速出口滨海湾新区方向),道路附属设施;收费站;收费站,180200,[],东莞市,113.789066,22.801803,113.78393948286867,22.80464196045257,[],广东省,东莞市,东莞市,道路附属设施,收费站,收费站
B0FFGQ5UH3,长安收费站(G4京港澳高速入口东南向),道路附属设施;收费站;收费站,180200,[],东莞市,113.79041,22.800446,113.78528637279948,22.803287253020976,[],广东省,东莞市,东莞市,道路附属设施,收费站,收费站
B0FFGQ9RQA,上屯收费站(东部快速干线西南向),道路附属设施;收费站;收费站,180200,[],东莞市,113.832867,22.993898,113.82783768570204,22.99673487944451,[],广东省,东莞市,东莞市,道路附属设施,收费站,收费站
B0FFGQ5XLR,上屯收费站(东部快速干线东北向),道路附属设施;收费站;收费站,180200,[],东莞市,113.832991,22.993724,113.8279620318803,22.99656118845788,[],广东省,东莞市,东莞市,道路附属设施,收费站,收费站
B0FFGQ5XCB,松山湖大朗收费站(G94珠三角环线高速入口),道路附属设施;收费站;收费站,180200,[],东莞市,113.918644,22.905203,113.913760903381,22.90815277246805,[],广东省,东莞市,东莞市,道路附属设施,收费站,收费站
B0FFH6IUL9,松山湖大朗收费站(G94珠三角环线高速出口),道路附属设施;收费站;收费站,180200,[],东莞市,113.918921,22.904922,113.91403789247865,22.907871678443115,[],广东省,东莞市,东莞市,道路附属设施,收费站,收费站
B03017WMCE,厚街服务区(京港澳高速北京方向),道路附属设施;服务区;高速服务区,180300,[],东莞市,113.697949,22.942655,113.69278209980516,22.945458576149665,[],广东省,东莞市,东莞市,道路附属设施,服务区,高速服务区
B0FFGQA5ID,北栅收费站(G4京港澳高速出口北栅方向),道路附属设施;收费站;收费站,180200,[],东莞市,113.708766,22.82826,113.70359452549278,22.83109295382852,[],广东省,东莞市,东莞市,道路附属设施,收费站,收费站
B0FFH6IPNZ,厚街收费站(G4京港澳高速入口东北向),道路附属设施;收费站;收费站,180200,[],东莞市,113.689203,22.926327,113.68404888678774,22.929152571521605,[],广东省,东莞市,东莞市,道路附属设施,收费站,收费站
BZ7OPA0179,厚街收费站(G4京港澳高速出口厚街方向),道路附属设施;收费站;收费站,180200,[],G4京港澳高速与厚街立交交叉口西南500米,113.689066,22.926486,113.6839120705255,22.92931175053065,[],广东省,东莞市,东莞市,道路附属设施,收费站,收费站
B0FFH0M8AM,厚街收费站(G4京港澳高速出口厚街方向),道路附属设施;收费站;收费站,180200,[],东莞市,113.68696,22.92718,113.68180904529386,22.9300092671732,[],广东省,东莞市,东莞市,道路附属设施,收费站,收费站
B03017WM04,厚街服务区(京港澳高速深圳方向),道路附属设施;服务区;高速服务区,180300,[],京港澳高速,113.698584,22.950373,113.69341580014522,22.95317224750135,[],广东省,东莞市,东莞市,道路附属设施,服务区,高速服务区
B0FFGQ5XC9,厚街收费站(G4京港澳高速入口西南向),道路附属设施;收费站;收费站,180200,[],东莞市,113.686684,22.927406,113.68153343094087,22.930235675226044,[],广东省,东莞市,东莞市,道路附属设施,收费站,收费站
B0FFGQ7BOS,虎门大桥太平立交收费站(G9411莞佛高速出口),道路附属设施;收费站;收费站,180200,[],东莞市,113.707028,22.821317,113.70185871713028,22.82415499340515,[],广东省,东莞市,东莞市,道路附属设施,收费站,收费站
B0FFGQ9FBC,虎门收费站(G4京港澳高速出口),道路附属设施;收费站;收费站,180200,[],东莞市,113.70566,22.820926,113.70049216838946,22.823766142258368,[],广东省,东莞市,东莞市,道路附属设施,收费站,收费站
BZ7MPA01EF,虎门收费站(G4京港澳高速出口),道路附属设施;收费站;收费站,180200,[],东莞市,113.702829,22.826394,113.69766391912457,22.82923642376252,[],广东省,东莞市,东莞市,道路附属设施,收费站,收费站
B0FFGQ5NLI,虎门大桥太平立交收费站(G9411莞佛高速入口),道路附属设施;收费站;收费站,180200,[],东莞市,113.704179,22.82135,113.69901274117063,22.8241922093342,[],广东省,东莞市,东莞市,道路附属设施,收费站,收费站
B0FFGQ53EI,收费站(G4京港澳高速入口深圳方向),道路附属设施;收费站;收费站,180200,[],东莞市,113.706927,22.824277,113.70175762608842,22.8271140531164,[],广东省,东莞市,东莞市,道路附属设施,收费站,收费站
BZ7NPC00JG,松山湖收费站(G9411莞佛高速入口),道路附属设施;收费站;收费站,180200,[],东莞市,113.933024,22.880221,113.92813616877122,22.883165532670425,[],广东省,东莞市,东莞市,道路附属设施,收费站,收费站
BZ7NPC00JF,松山湖收费站(G9411莞佛高速出口),道路附属设施;收费站;收费站,180200,[],东莞市,113.933244,22.880065,113.9283560066656,22.883009289229264,[],广东省,东莞市,东莞市,道路附属设施,收费站,收费站
BZ7OPA010K,东莞收费站(G4京港澳高速入口),道路附属设施;收费站;收费站,180200,[],东莞市,113.703456,22.968285,113.69828086542203,22.971068841932528,[],广东省,东莞市,东莞市,道路附属设施,收费站,收费站
B0FFGQ5LCD,东莞收费站(G4京港澳高速入口广州方向),道路附属设施;收费站;收费站,180200,[],东莞市,113.706304,22.972885,113.70112547708337,22.9756625874537,[],广东省,东莞市,东莞市,道路附属设施,收费站,收费站
B0FFGQ6WL1,东莞收费站(G4京港澳高速出口东莞市区方向),道路附属设施;收费站;收费站,180200,[],东莞市,113.705645,22.971799,113.70046724317416,22.97457802707083,[],广东省,东莞市,东莞市,道路附属设施,收费站,收费站
BZ7MPE00JU,清溪东收费站(G0422武深高速出口),道路附属设施;收费站;收费站,180200,[],东莞市,114.207628,22.79416,114.20272787672852,22.79693880783953,[],广东省,东莞市,东莞市,道路附属设施,收费站,收费站
B0FFGQA0Z4,樟木头收费站(G1523甬莞高速出口),道路附属设施;收费站;收费站,180200,[],东莞市,114.123352,22.945464,114.11823415476682,22.948044153085856,[],广东省,东莞市,东莞市,道路附属设施,收费站,收费站
B0FFFMIFMA,樟木头收费站(G1523甬莞高速入口),道路附属设施;收费站;收费站,180200,[],东莞市,114.123181,22.945356,114.11806285548045,22.947936027498283,[],广东省,东莞市,东莞市,道路附属设施,收费站,收费站
BZ7NPD00MA,清溪收费站(S29从莞深高速出口),道路附属设施;收费站;收费站,180200,[],东莞市,114.119059,22.840605,114.113940706649,22.84322372842225,[],广东省,东莞市,东莞市,道路附属设施,收费站,收费站
BZ7NPD00M9,清溪收费站(S29从莞深高速入口),道路附属设施;收费站;收费站,180200,[],东莞市,114.119216,22.840831,114.1140979482996,22.843449777114262,[],广东省,东莞市,东莞市,道路附属设施,收费站,收费站
BZ7NPD00MW,樟木头南收费站(S29从莞深高速出口),道路附属设施;收费站;收费站,180200,[],东莞市,114.102186,22.884444,114.09704324006474,22.88703669984793,[],广东省,东莞市,东莞市,道路附属设施,收费站,收费站
B0FFGQ77S7,樟木头南收费站(S29从莞深高速入口),道路附属设施;收费站;收费站,180200,[],东莞市,114.101933,22.884491,114.09679000885627,22.88708363762984,[],广东省,东莞市,东莞市,道路附属设施,收费站,收费站
B0FFKG9XBL,东莞市虎门镇人民路(流动抓拍),道路附属设施;警示信息;违章停车,180104,[],东莞市,113.680283,22.751552,113.67515348736036,22.75445928119088,[],广东省,东莞市,东莞市,道路附属设施,警示信息,违章停车
B0FFF9I8XP,望牛墩收费站(G4京港澳高速出口望牛墩方向),道路附属设施;收费站;收费站,180200,[],东莞市,113.651219,23.04296,113.64611473777316,23.045806180452864,[],广东省,东莞市,东莞市,道路附属设施,收费站,收费站
B0FFH6KCEK,望牛墩收费站(G4京港澳高速出口望牛墩方向),道路附属设施;收费站;收费站,180200,[],东莞市,113.649048,23.039166,113.64394700828235,23.04201755367709,[],广东省,东莞市,东莞市,道路附属设施,收费站,收费站
BZ7PPC00PZ,石排收费站(S29从莞深高速出口),道路附属设施;收费站;收费站,180200,[],东莞市,113.993993,23.078309,113.98897881812498,23.081023145539152,[],广东省,东莞市,东莞市,道路附属设施,收费站,收费站
BZ7PPA01SM,收费站(G4京港澳高速入口西北向),道路附属设施;收费站;收费站,180200,[],东莞市,113.651937,23.041262,113.64683183276908,23.044107655997603,[],广东省,东莞市,东莞市,道路附属设施,收费站,收费站
B0FFGQB6EP,收费站(G4京港澳高速入口),道路附属设施;收费站;收费站,180200,[],东莞市,113.704209,22.824135,113.6990425252185,22.82697614137246,[],广东省,东莞市,东莞市,道路附属设施,收费站,收费站
BZ7PPC00PY,石排收费站(S29从莞深高速入口),道路附属设施;收费站;收费站,180200,[],东莞市,113.994011,23.078496,113.98899676038474,23.0812100122148,[],广东省,东莞市,东莞市,道路附属设施,收费站,收费站
B0FFGQ7T6Y,东莞收费站(G4京港澳高速出口东莞市区方向),道路附属设施;收费站;收费站,180200,[],东莞市,113.703235,22.97156,113.69805989737094,22.97434277337329,[],广东省,东莞市,东莞市,道路附属设施,收费站,收费站
B0FFGQ6HPW,收费站(G4京港澳高速入口东南向),道路附属设施;收费站;收费站,180200,[],东莞市,113.648731,23.040654,113.64363034500208,23.043505452940416,[],广东省,东莞市,东莞市,道路附属设施,收费站,收费站
B0FFGQ76ZS,虎门北收费站(G4京港澳高速出口),道路附属设施;收费站;收费站,180200,[],东莞市,113.68159,22.845224,113.67645238204948,22.84809623665804,[],广东省,东莞市,东莞市,道路附属设施,收费站,收费站
B0FFGQ7EW1,东莞收费站(G4京港澳高速入口),道路附属设施;收费站;收费站,180200,[],东莞市,113.702972,22.971589,113.69779719256168,22.97437216662001,[],广东省,东莞市,东莞市,道路附属设施,收费站,收费站
B0FFGQ4V3I,虎门北收费站(S9918虎门港高速入口),道路附属设施;收费站;收费站,180200,[],东莞市,113.680572,22.844292,113.67543598540937,22.84716650221219,[],广东省,东莞市,东莞市,道路附属设施,收费站,收费站
B0FFGQ83O7,收费站(G4京港澳高速入口北向),道路附属设施;收费站;收费站,180200,[],东莞市,113.704328,22.981071,113.69915105326584,22.98384800649439,[],广东省,东莞市,东莞市,道路附属设施,收费站,收费站
B0FFGQ51DU,东莞收费站(G94珠三角环线高速出口东莞市区方向),道路附属设施;收费站;收费站,180200,[],东莞市,113.817094,23.02722,113.8120200575002,23.030012778049493,[],广东省,东莞市,东莞市,道路附属设施,收费站,收费站
B0FFKK9LGG,东莞市大朗镇富康路富康路(移动),道路附属设施;警示信息;违章停车,180104,[],东莞市,113.921743,22.956402,113.91685608975432,22.95932766383537,[],广东省,东莞市,东莞市,道路附属设施,警示信息,违章停车
B0FFGQB2D9,东莞收费站(G94珠三角环线高速入口南向),道路附属设施;收费站;收费站,180200,[],东莞市,113.816631,23.027207,113.81155583387716,23.02999892951715,[],广东省,东莞市,东莞市,道路附属设施,收费站,收费站
B0HAKKFZJ0,快乐体验服务区,道路附属设施;道路附属设施;道路附属设施,180000,[],五号路,113.85271,23.01261,113.8477313017635,23.015474436144725,[],广东省,东莞市,东莞市,道路附属设施,道路附属设施,道路附属设施
BZ7OPC01QU,东坑收费站(S6广龙高速出口东坑南方向),道路附属设施;收费站;收费站,180200,[],东莞市,113.924879,22.973283,113.91998999709608,22.97619840062537,[],广东省,东莞市,东莞市,道路附属设施,收费站,收费站
BZ7OPC01QV,东坑收费站(S6广龙高速入口西南向),道路附属设施;收费站;收费站,180200,[],东莞市,113.924814,22.974074,113.91992497203007,22.976989126842952,[],广东省,东莞市,东莞市,道路附属设施,收费站,收费站
B0FFKGJFOI,东莞市虎门镇人民北路人民北路,道路附属设施;警示信息;违章停车,180104,[],东莞市,113.676892,22.837712,113.67176205890875,22.840595954486925,[],广东省,东莞市,东莞市,道路附属设施,警示信息,违章停车
B0FFG9MNYR,高品服务区,道路附属设施;服务区;高速服务区,180300,[],东莞市,113.862081,23.024917,113.8571236559109,23.027790707499843,[],广东省,东莞市,东莞市,道路附属设施,服务区,高速服务区
B0FFGQ8PAC,麻涌收费站(G4京港澳高速出口),道路附属设施;收费站;收费站,180200,[],东莞市,113.603176,23.0785,113.59810516200405,23.08138365505428,[],广东省,东莞市,东莞市,道路附属设施,收费站,收费站
B03018QQNW,黄江服务区,道路附属设施;服务区;高速服务区,180300,[],东莞市,113.961513,22.877256,113.9565861855272,22.88014631966247,[],广东省,东莞市,东莞市,道路附属设施,服务区,高速服务区
B03018R07P,黄江服务区,道路附属设施;服务区;高速服务区,180300,[],东莞市,113.961668,22.878694,113.956740797312,22.88158336521113,[],广东省,东莞市,东莞市,道路附属设施,服务区,高速服务区
B0FFH6KCHG,虎门收费站(S3广深沿江高速出口),道路附属设施;收费站;收费站,180200,[],东莞市,113.702807,22.778574,113.69764508240895,22.781433289762884,[],广东省,东莞市,东莞市,道路附属设施,收费站,收费站
B0FFH6IODS,虎门收费站(S3广深沿江高速入口),道路附属设施;收费站;收费站,180200,[],东莞市,113.70254,22.778439,113.69737839532384,22.78129874915439,[],广东省,东莞市,东莞市,道路附属设施,收费站,收费站
B0FFH6KC8G,滨海湾长安收费站(S3广深沿江高速出口),道路附属设施;收费站;收费站,180200,[],东莞市,113.731608,22.760597,113.72642738306142,22.76342896410413,[],广东省,东莞市,东莞市,道路附属设施,收费站,收费站
BZ7MPA016S,滨海湾长安收费站(S3广深沿江高速入口),道路附属设施;收费站;收费站,180200,[],东莞市,113.731636,22.760275,113.7264553992681,22.763107046938647,[],广东省,东莞市,东莞市,道路附属设施,收费站,收费站
BZ7NPA00WE,沙田东收费站(S6广龙高速入口),道路附属设施;收费站;收费站,180200,[],东莞市,113.635253,22.873111,113.63017974006668,22.876054315184703,[],广东省,东莞市,东莞市,道路附属设施,收费站,收费站
BZ7NPA00UK,沙田东收费站(S6广龙高速出口),道路附属设施;收费站;收费站,180200,[],东莞市,113.635228,22.872821,113.63015478520092,22.87576446527623,[],广东省,东莞市,东莞市,道路附属设施,收费站,收费站
B0FFKGD9HF,东莞市虎门镇人民南路(流动抓拍),道路附属设施;警示信息;违章停车,180104,[],东莞市,113.666656,22.81855,113.66154326470124,22.821460567219884,[],广东省,东莞市,东莞市,道路附属设施,警示信息,违章停车
BZ7OPC01QI,常平西收费站(S6广龙高速出口常平西方向),道路附属设施;收费站;收费站,180200,[],东莞市,113.956646,22.973967,113.95172184953238,22.97682836003925,[],广东省,东莞市,东莞市,道路附属设施,收费站,收费站
BZ7MPE00IC,塘清收费站(S29从莞深高速出口从化方向),道路附属设施;收费站;收费站,180200,[],东莞市,114.131777,22.791867,114.1266856135275,22.794517040715945,[],广东省,东莞市,东莞市,道路附属设施,收费站,收费站
BZ7MPD0130,塘清收费站(S29从莞深高速出口塘厦方向),道路附属设施;收费站;收费站,180200,[],东莞市,114.129979,22.795038,114.12488371534616,22.79768469704557,[],广东省,东莞市,东莞市,道路附属设施,收费站,收费站
BZ7MPE00IE,塘清收费站(S29从莞深高速入口北向),道路附属设施;收费站;收费站,180200,[],东莞市,114.130697,22.794757,114.12560319503,22.797404680354635,[],广东省,东莞市,东莞市,道路附属设施,收费站,收费站
BZ7MPE00IF,塘清收费站(S29从莞深高速入口东南向),道路附属设施;收费站;收费站,180200,[],东莞市,114.131014,22.791694,114.12592104614664,22.794343134509703,[],广东省,东莞市,东莞市,道路附属设施,收费站,收费站
B0FFFMH8SA,林村收费站(S22惠塘高速出口),道路附属设施;收费站;收费站,180200,[],东莞市,114.091652,22.853699,114.086504309452,22.85630443784449,[],广东省,东莞市,东莞市,道路附属设施,收费站,收费站
B0FFGQ5ICQ,林村收费站(S22惠塘高速入口),道路附属设施;收费站;收费站,180200,[],东莞市,114.09165,22.853982,114.08650228995434,22.856587328771685,[],广东省,东莞市,东莞市,道路附属设施,收费站,收费站
BZ7PPE005B,桥头东收费站(S6广龙高速出口桥头方向),道路附属设施;收费站;收费站,180200,[],东莞市,114.136572,23.019191,114.1314760042418,23.02175547939073,[],广东省,东莞市,东莞市,道路附属设施,收费站,收费站
BZ7PPE005I,桥头东收费站(S6广龙高速入口西南向),道路附属设施;收费站;收费站,180200,[],东莞市,114.135209,23.016522,114.13011017053942,23.01908573492025,[],广东省,东莞市,东莞市,道路附属设施,收费站,收费站
BZ7PPE005H,桥头东收费站(S6广龙高速出口潼湖方向),道路附属设施;收费站;收费站,180200,[],东莞市,114.13525,23.016478,114.1301512632004,23.01904181035607,[],广东省,东莞市,东莞市,道路附属设施,收费站,收费站
BZ7PPE005C,桥头东收费站(S6广龙高速入口北向),道路附属设施;收费站;收费站,180200,[],东莞市,114.136686,23.019112,114.13159026359976,23.02167667468177,[],广东省,东莞市,东莞市,道路附属设施,收费站,收费站
B0FFGQ7CP5,田心收费站(S22惠塘高速出口清溪方向),道路附属设施;收费站;收费站,180200,[],东莞市,114.079925,22.844616,114.0747764171756,22.84723140111364,[],广东省,东莞市,东莞市,道路附属设施,收费站,收费站
B0FFGQARA6,田心收费站(S22惠塘高速入口南向),道路附属设施;收费站;收费站,180200,[],东莞市,114.079204,22.844927,114.0740555219792,22.847542882467646,[],广东省,东莞市,东莞市,道路附属设施,收费站,收费站
BZ7MPD0155,竹尾田收费站(S86深圳外环高速出口),道路附属设施;收费站;收费站,180200,[],东莞市,114.124363,22.763331,114.11925896413511,22.765981915891345,[],广东省,东莞市,东莞市,道路附属设施,收费站,收费站
BZ7OPD00UJ,桥头收费站(S6广龙高速出口),道路附属设施;收费站;收费站,180200,[],东莞市,114.096648,22.992467,114.09149377657036,22.99501380776497,[],广东省,东莞市,东莞市,道路附属设施,收费站,收费站
BZ7MPD0156,竹尾田收费站(S86深圳外环高速入口),道路附属设施;收费站;收费站,180200,[],东莞市,114.124629,22.763196,114.11952546095246,22.76584723722248,[],广东省,东莞市,东莞市,道路附属设施,收费站,收费站
BZ7OPD00UK,桥头收费站(S6广龙高速入口),道路附属设施;收费站;收费站,180200,[],东莞市,114.096632,22.99264,114.09147775471178,22.99518673397895,[],广东省,东莞市,东莞市,道路附属设施,收费站,收费站
B0FFGQ98WH,麻涌收费站(G4京港澳高速入口),道路附属设施;收费站;收费站,180200,[],东莞市,113.602504,23.077392,113.5974331208304,23.080276270309177,[],广东省,东莞市,东莞市,道路附属设施,收费站,收费站
B0FFGQ8VPM,麻涌收费站(G4京港澳高速出口),道路附属设施;收费站;收费站,180200,[],东莞市,113.59878,23.076869,113.59370815524169,23.079753955331768,[],广东省,东莞市,东莞市,道路附属设施,收费站,收费站
B0FFLECON0,华阳湖停车区(京港澳高速北京方向),道路附属设施;服务区;高速服务区,180300,[],麻涌立交,113.602748,23.077205,113.59767717666864,23.080089298000264,[],广东省,东莞市,东莞市,道路附属设施,服务区,高速服务区
B0FFGQ541A,麻涌收费站(G4京港澳高速入口),道路附属设施;收费站;收费站,180200,[],东莞市,113.598995,23.078665,113.59392311266636,23.08154918653633,[],广东省,东莞市,东莞市,道路附属设施,收费站,收费站
B0FFLECON2,华阳湖停车区(京港澳高速深圳方向),道路附属设施;服务区;高速服务区,180300,[],东莞市,113.59922,23.077444,113.59414826866036,23.080328688976024,[],广东省,东莞市,东莞市,道路附属设施,服务区,高速服务区
B0FFGQ7J1N,东部快速路收费站(S29从莞深高速出口),道路附属设施;收费站;收费站,180200,[],东莞市,114.005257,23.050782,114.0002160165836,23.053473751074364,[],广东省,东莞市,东莞市,道路附属设施,收费站,收费站
B0FFGQAZ34,东部快速路收费站(东部快速干线出口),道路附属设施;收费站;收费站,180200,[],东莞市,114.005203,23.051021,114.0001621376102,23.053712811771792,[],广东省,东莞市,东莞市,道路附属设施,收费站,收费站
B0FFGQ5X9V,东深路收费站(G1523甬莞高速出口),道路附属设施;收费站;收费站,180200,[],东莞市,114.064828,22.954599,114.05967993261756,22.95718683463453,[],广东省,东莞市,东莞市,道路附属设施,收费站,收费站
B0FFH0KTAQ,东深路收费站(G1523甬莞高速入口),道路附属设施;收费站;收费站,180200,[],东莞市,114.064939,22.954433,114.05979084762636,22.95702074185342,[],广东省,东莞市,东莞市,道路附属设施,收费站,收费站
B0FFGQ5D1G,迎宾收费站(S22惠塘高速出口),道路附属设施;收费站;收费站,180200,[],东莞市,114.056851,22.81106,114.05172072237,22.81371831042187,[],广东省,东莞市,东莞市,道路附属设施,收费站,收费站
BZ7OPD00QR,东莞东收费站(G1523甬莞高速出口),道路附属设施;收费站;收费站,180200,[],东莞市,114.046373,22.955282,114.04124818192116,22.95790359572152,[],广东省,东莞市,东莞市,道路附属设施,收费站,收费站
B0FFGQ50IM,迎宾收费站(S22惠塘高速入口),道路附属设施;收费站;收费站,180200,[],东莞市,114.056977,22.811304,114.05184655357716,22.81396199599223,[],广东省,东莞市,东莞市,道路附属设施,收费站,收费站
B0FFGQ7T8Y,道滘收费站(G4京港澳高速出口道滘方向),道路附属设施;收费站;收费站,180200,[],东莞市,113.681861,23.010938,113.67671208275728,23.013740778807485,[],广东省,东莞市,东莞市,道路附属设施,收费站,收费站
BZ7OPC01QG,常平西收费站(S6广龙高速出口常平西方向),道路附属设施;收费站;收费站,180200,[],东莞市,113.954817,22.972171,113.9498960983074,22.975037265135523,[],广东省,东莞市,东莞市,道路附属设施,收费站,收费站
BZ7OPC01QS,常平西收费站(S6广龙高速入口西向),道路附属设施;收费站;收费站,180200,[],东莞市,113.953613,22.972304,113.94869408675385,22.97517286664929,[],广东省,东莞市,东莞市,道路附属设施,收费站,收费站
BZ7PPA01SN,道滘收费站(G4京港澳高速出口道滘方向),道路附属设施;收费站;收费站,180200,[],东莞市,113.684805,23.014329,113.67965145928017,23.01712484252575,[],广东省,东莞市,东莞市,道路附属设施,收费站,收费站
BZ7OPD00PU,东莞东收费站(G1523甬莞高速入口),道路附属设施;收费站;收费站,180200,[],东莞市,114.046175,22.955277,114.04105050595128,22.957899031814947,[],广东省,东莞市,东莞市,道路附属设施,收费站,收费站
BZ7OPC01QT,常平西收费站(S6广龙高速入口东北向),道路附属设施;收费站;收费站,180200,[],东莞市,113.957291,22.973711,113.95236573318869,22.97657098721464,[],广东省,东莞市,东莞市,道路附属设施,收费站,收费站
B0FFGQ87U0,收费站(G4京港澳高速入口东南向),道路附属设施;收费站;收费站,180200,[],道滘出口(道滘立交西北向)附近,113.681688,23.012748,113.6765392247736,23.015550319665724,[],广东省,东莞市,东莞市,道路附属设施,收费站,收费站
B0FFGQ5YY1,黄江收费站(G94珠三角环线高速入口东莞方向),道路附属设施;收费站;收费站,180200,[],G94珠三角环线高速与G94珠三角环线高速出口交叉口东南240米,113.983131,22.862061,113.9781578134597,22.864898844745863,[],广东省,东莞市,东莞市,道路附属设施,收费站,收费站
B0FFH6IS12,黄江收费站(G94珠三角环线高速出口观澜方向),道路附属设施;收费站;收费站,180200,[],东莞市,113.982962,22.861343,113.97798926769674,22.86418161861334,[],广东省,东莞市,东莞市,道路附属设施,收费站,收费站
B0FFGQ5AUV,收费站(G4京港澳高速入口西北向),道路附属设施;收费站;收费站,180200,[],东莞市,113.684941,23.012516,113.67978737798612,23.01531237585945,[],广东省,东莞市,东莞市,道路附属设施,收费站,收费站
B0FFGQ9CG3,莞樟路收费站(G1523甬莞高速出口),道路附属设施;收费站;收费站,180200,[],东莞市,113.988632,22.914789,113.98364191401238,22.91758925991745,[],广东省,东莞市,东莞市,道路附属设施,收费站,收费站
B0FFH6K94D,莞樟路收费站(G1523甬莞高速入口),道路附属设施;收费站;收费站,180200,[],东莞市,113.988437,22.914679,113.98344740534772,22.917479886540644,[],广东省,东莞市,东莞市,道路附属设施,收费站,收费站
B0FFGQ73ON,黄江收费站(G94珠三角环线高速入口南向),道路附属设施;收费站;收费站,180200,[],东莞市,113.985541,22.85754,113.98056224582857,22.86037254728973,[],广东省,东莞市,东莞市,道路附属设施,收费站,收费站
B0FFH6IU2W,黄江收费站(G94珠三角环线高速出口东莞市区方向),道路附属设施;收费站;收费站,180200,[],东莞市,113.985856,22.858397,113.98087641876062,22.86122828453416,[],广东省,东莞市,东莞市,道路附属设施,收费站,收费站
B0FFGQ6LLW,威远收费站(G9411莞佛高速出口南沙方向),道路附属设施;收费站;收费站,180200,[],东莞市,113.639252,22.805235,113.63417872950768,22.808198155743508,[],广东省,东莞市,东莞市,道路附属设施,收费站,收费站
B0FFH02K55,大坪收费站(G94珠三角环线高速出口),道路附属设施;收费站;收费站,180200,[],东莞市,114.046076,22.775615,114.04096348311688,22.77830715379855,[],广东省,东莞市,东莞市,道路附属设施,收费站,收费站
B0FFGQ6USG,滨海湾威远岛收费站(S3广深沿江高速出口),道路附属设施;收费站;收费站,180200,[],东莞市,113.640143,22.805715,113.6350686566072,22.80867664327761,[],广东省,东莞市,东莞市,道路附属设施,收费站,收费站
B0FFH02JMG,大坪收费站(G94珠三角环线高速入口),道路附属设施;收费站;收费站,180200,[],东莞市,114.045875,22.775788,114.04076280211169,22.77848053909742,[],广东省,东莞市,东莞市,道路附属设施,收费站,收费站
BZ7NP900FB,沙田收费站(S3广深沿江高速出口),道路附属设施;收费站;收费站,180200,[],东莞市,113.607542,22.884547,113.60248405271057,22.88751168454284,[],广东省,东莞市,东莞市,道路附属设施,收费站,收费站
B03017UCA1,加油服务区,道路附属设施;服务区;高速服务区,180300,[],东莞市,114.037573,22.76561,114.03247633856552,22.76832528395992,[],广东省,东莞市,东莞市,道路附属设施,服务区,高速服务区
BZ7NP900FF,沙田收费站(S3广深沿江高速入口),道路附属设施;收费站;收费站,180200,[],东莞市,113.607726,22.884188,113.60266806828857,22.887152751865592,[],广东省,东莞市,东莞市,道路附属设施,收费站,收费站
B0FFH6KCBL,威远收费站(G9411莞佛高速入口西向),道路附属设施;收费站;收费站,180200,[],东莞市,113.639853,22.803486,113.63477914255164,22.80644887106416,[],广东省,东莞市,东莞市,道路附属设施,收费站,收费站
B0FFGQ7H0I,滨海湾威远岛收费站(S3广深沿江高速入口),道路附属设施;收费站;收费站,180200,[],东莞市,113.636991,22.804408,113.63192033499436,22.807374765313693,[],广东省,东莞市,东莞市,道路附属设施,收费站,收费站
BZ7MPA01EO,威远收费站(G9411莞佛高速入口南沙方向),道路附属设施;收费站;收费站,180200,[],东莞市,113.639893,22.803418,113.63481910002284,22.80638083463558,[],广东省,东莞市,东莞市,道路附属设施,收费站,收费站
BZ7MPA01MK,威远收费站(G9411莞佛高速出口),道路附属设施;收费站;收费站,180200,[],东莞市,113.639283,22.805134,113.63420970015493,22.808097145154942,[],广东省,东莞市,东莞市,道路附属设施,收费站,收费站
B0FFH6KCFZ,洪梅收费站(S3广深沿江高速出口),道路附属设施;收费站;收费站,180200,[],东莞市,113.603159,22.943145,113.59809699024235,22.946086785235376,[],广东省,东莞市,东莞市,道路附属设施,收费站,收费站
B0FFH6KCEJ,洪梅收费站(S3广深沿江高速入口),道路附属设施;收费站;收费站,180200,[],东莞市,113.60305,22.943385,113.59798795748556,22.946326708440733,[],广东省,东莞市,东莞市,道路附属设施,收费站,收费站
BZ7OPB00V2,服务区(广龙高速广州方向)(建设中),道路附属设施;服务区;高速服务区,180300,[],东莞市,113.84187,22.948104,113.83686773459826,22.95097729565572,[],广东省,东莞市,东莞市,道路附属设施,服务区,高速服务区
BZ7OPB00V1,服务区(广龙高速龙川方向)(建设中),道路附属设施;服务区;高速服务区,180300,[],东莞市,113.844792,22.949672,113.83979728310604,22.952549895271343,[],广东省,东莞市,东莞市,道路附属设施,服务区,高速服务区
B03018J0DO,麻涌服务区(广深沿江高速深圳方向),道路附属设施;服务区;高速服务区,180300,[],东莞市,113.551177,23.049207,113.54603766305036,23.05205574939417,[],广东省,东莞市,东莞市,道路附属设施,服务区,高速服务区
B03018J0DQ,麻涌服务区(广深沿江高速广州方向),道路附属设施;服务区;高速服务区,180300,[],东莞市,113.552675,23.049128,113.54753936482317,23.051979742313605,[],广东省,东莞市,东莞市,道路附属设施,服务区,高速服务区
B0FFGQ8PK4,麻涌收费站(S3广深沿江高速出口),道路附属设施;收费站;收费站,180200,[],东莞市,113.55807,23.025687,113.55294848164068,23.02855878267513,[],广东省,东莞市,东莞市,道路附属设施,收费站,收费站
B0FFGQ7DMS,麻涌收费站(S3广深沿江高速出口),道路附属设施;收费站;收费站,180200,[],东莞市,113.566907,23.024451,113.56180352833572,23.027337094709416,[],广东省,东莞市,东莞市,道路附属设施,收费站,收费站
B0FFGU5Z6B,麻涌收费站(S3广深沿江高速入口),道路附属设施;收费站;收费站,180200,[],东莞市,113.55764,23.025042,113.5525175649794,23.027913309518446,[],广东省,东莞市,东莞市,道路附属设施,收费站,收费站
B0FFGQ6AS8,常平收费站(G1523甬莞高速出口),道路附属设施;收费站;收费站,180200,[],东莞市,114.021811,22.93916,114.01673677395512,22.941851009863303,[],广东省,东莞市,东莞市,道路附属设施,收费站,收费站
B0FFGQ78C5,常平收费站(G1523甬莞高速入口),道路附属设施;收费站;收费站,180200,[],东莞市,114.021656,22.939101,114.01658213912398,22.94179247485162,[],广东省,东莞市,东莞市,道路附属设施,收费站,收费站
B0FFKJ4OTJ,东莞市常平镇振华十街,道路附属设施;警示信息;违章停车,180104,[],东莞市,113.99376,22.96836,113.98875357938329,22.971122153783124,[],广东省,东莞市,东莞市,道路附属设施,警示信息,违章停车
BZ7NP900HC,收费站(狮子洋通道出口),道路附属设施;收费站;收费站,180200,[],东莞市,113.595311,22.843928,113.59025282305296,22.846910556141832,[],广东省,东莞市,东莞市,道路附属设施,收费站,收费站
B0FFKIR6WC,东莞市常平镇新南路,道路附属设施;警示信息;违章停车,180104,[],东莞市,114.000423,22.969985,113.9953995696019,22.972726277197047,[],广东省,东莞市,东莞市,道路附属设施,警示信息,违章停车
B0FFKIR6VG,东莞市常平镇新南路,道路附属设施;警示信息;违章停车,180104,[],东莞市,114.000423,22.969985,113.9953995696019,22.972726277197047,[],广东省,东莞市,东莞市,道路附属设施,警示信息,违章停车
BZ7NP900HB,收费站(狮子洋通道入口),道路附属设施;收费站;收费站,180200,[],东莞市,113.595285,22.843842,113.5902268152745,22.84682458604942,[],广东省,东莞市,东莞市,道路附属设施,收费站,收费站
BZ7OP900BP,立沙岛收费站(S3广深沿江高速入口),道路附属设施;收费站;收费站,180200,[],立沙岛互通与立沙大道交叉口东南120米,113.57885,22.97319,113.57376859483745,22.976111544714307,[],广东省,东莞市,东莞市,道路附属设施,收费站,收费站
BZ7OP900CR,立沙岛收费站(S3广深沿江高速出口),道路附属设施;收费站;收费站,180200,[],东莞市,113.579097,22.97343,113.57401589624013,22.976351649896547,[],广东省,东莞市,东莞市,道路附属设施,收费站,收费站
BZ7OPD00W7,常平北收费站(S6广龙高速出口),道路附属设施;收费站;收费站,180200,[],东莞市,114.030922,22.99691,114.02582364626832,22.999551190676552,[],广东省,东莞市,东莞市,道路附属设施,收费站,收费站
BZ7OPD00W8,常平北收费站(S6广龙高速入口),道路附属设施;收费站;收费站,180200,[],东莞市,114.03082,22.996811,114.0257218694538,22.999452503376787,[],广东省,东莞市,东莞市,道路附属设施,收费站,收费站
B0FFHO6WPQ,横沥东服务区(从莞深高速东莞方向),道路附属设施;服务区;高速服务区,180300,[],东莞市,114.014663,23.02074,114.0096005167548,23.02341658249664,[],广东省,东莞市,东莞市,道路附属设施,服务区,高速服务区
B0FFHO6UPA,横沥东服务区(从莞深高速从化方向),道路附属设施;服务区;高速服务区,180300,[],东莞市,114.016305,23.021407,114.0112384744016,23.024078476839303,[],广东省,东莞市,东莞市,道路附属设施,服务区,高速服务区
B03017UCA2,加油站,道路附属设施;服务区;高速服务区,180300,[],东莞市,114.036776,22.766203,114.03168084609987,22.76892006769974,[],广东省,东莞市,东莞市,道路附属设施,服务区,高速服务区
B0FFFT0G29,麻涌收费站(S3广深沿江高速入口),道路附属设施;收费站;收费站,180200,[],东莞市,113.566338,23.025224,113.56123342354734,23.02810897193248,[],广东省,东莞市,东莞市,道路附属设施,收费站,收费站
